{
    "nodes": [],
    "links": [],
    "coeffs": {
        "ACCESSIBILTY_TO_HWY": 0.27159701884612064,
        "CRIME_RATE": -0.10839417789085598,
        "DISTANCE_FROM_CITY": -0.2800739993867014,
        "INDUSTRIALIZATION": 0.008937366861019036,
        "LOWER_STATUS_POP": -0.43155023424739414,
        "NITRIC_OXIDE": -0.2380819003483317,
        "PERCENTAGE_OLD_HOUSE": 0.0018696182583327337,
        "PROPERTY_TAX": -0.2074675487866686,
        "PUPIL_TEACHER_RATIO": -0.26354150467387005,
        "ROOM_PER_DWELLING": 0.2988286771920179
    }
}